{"cameraMode":{"drawMode":0,"name":"Shaded","section":"Shading Mode"},"sceneLighting":false,"audioPlay":false,"sceneViewState":{"showFog":false,"showMaterialUpdate":false,"showSkybox":false,"showFlares":false,"showImageEffects":false,"showParticleSystems":false},"in2DMode":false,"pivot":{"x":-0.09158632904291153,"y":2.0790610313415529,"z":1.378662109375},"rotation":{"x":0.5474812984466553,"y":-0.1653326153755188,"z":0.11137305200099945,"w":0.8127294778823853},"size":1.2402844429016114,"orthographic":false}