{"cameraMode":{"drawMode":0,"name":"Shaded","section":"Shading Mode"},"sceneLighting":false,"audioPlay":false,"sceneViewState":{"showFog":false,"showMaterialUpdate":false,"showSkybox":false,"showFlares":false,"showImageEffects":false,"showParticleSystems":false},"in2DMode":false,"pivot":{"x":-3.2399721145629885,"y":-0.007964134216308594,"z":3.0524816513061525},"rotation":{"x":0.10933380573987961,"y":0.8860943913459778,"z":-0.2671358287334442,"w":0.36266669631004336},"size":22.0,"orthographic":false}