{"cameraMode":{"drawMode":0,"name":"Shaded","section":"Shading Mode"},"sceneLighting":false,"audioPlay":false,"sceneViewState":{"showFog":false,"showMaterialUpdate":false,"showSkybox":false,"showFlares":false,"showImageEffects":false,"showParticleSystems":false},"in2DMode":false,"pivot":{"x":0.31140264868736269,"y":2.4733693599700929,"z":2.126420497894287},"rotation":{"x":-0.3072468936443329,"y":-0.008294623345136643,"z":0.0026805170346051456,"w":-0.9515959024429321},"size":10.466536521911621,"orthographic":false}