{"cameraMode":{"drawMode":0,"name":"Shaded","section":"Shading Mode"},"sceneLighting":false,"audioPlay":false,"sceneViewState":{"showFog":false,"showMaterialUpdate":false,"showSkybox":false,"showFlares":false,"showImageEffects":false,"showParticleSystems":false},"in2DMode":false,"pivot":{"x":1.0767936706542969,"y":1.7556953430175782,"z":0.4167677164077759},"rotation":{"x":0.17539598047733308,"y":-0.1040228083729744,"z":0.01863456331193447,"w":0.9788175225257874},"size":5.459719181060791,"orthographic":false}