{"cameraMode":{"drawMode":0,"name":"Shaded","section":"Shading Mode"},"sceneLighting":false,"audioPlay":false,"sceneViewState":{"showFog":false,"showMaterialUpdate":false,"showSkybox":false,"showFlares":false,"showImageEffects":false,"showParticleSystems":false},"in2DMode":false,"pivot":{"x":-0.05569817125797272,"y":1.2299013137817383,"z":0.5831668376922607},"rotation":{"x":0.027265319600701333,"y":-0.05482814460992813,"z":0.001492014154791832,"w":0.9981299042701721},"size":2.4629478454589845,"orthographic":false}