{"cameraMode":{"drawMode":0,"name":"Shaded","section":"Shading Mode"},"sceneLighting":false,"audioPlay":false,"sceneViewState":{"showFog":false,"showMaterialUpdate":false,"showSkybox":false,"showFlares":false,"showImageEffects":false,"showParticleSystems":false},"in2DMode":false,"pivot":{"x":0.20048566162586213,"y":2.472580909729004,"z":1.525618076324463},"rotation":{"x":-0.2321121245622635,"y":0.022159019485116006,"z":-0.005287050735205412,"w":-0.9724281430244446},"size":10.95785140991211,"orthographic":false}