{"cameraMode":{"drawMode":0,"name":"Shaded","section":"Shading Mode"},"sceneLighting":false,"audioPlay":false,"sceneViewState":{"showFog":false,"showMaterialUpdate":false,"showSkybox":false,"showFlares":false,"showImageEffects":false,"showParticleSystems":false},"in2DMode":false,"pivot":{"x":-2.6837682723999025,"y":3.4896326065063478,"z":2.4518251419067385},"rotation":{"x":-0.26331689953804018,"y":0.2995966076850891,"z":-0.0864131972193718,"w":-0.9129285216331482},"size":20.388097763061525,"orthographic":false}